


/* IL faut utiliser ce fichier sous l'utlisateur "PROJETBDD" crée deja */










-- Import Data into table ETUDIANT from 
SET DEFINE OFF

INSERT INTO ETUDIANT (ID_ETUDIANT, CIN, NOMAR, PRENOMAR, NOMFR, PRENOMFR, DATENAISS, ADRESSE, EMAIL, NUMTEL, PHOTO) 
VALUES (1, 1234567, NULL, NULL, 'Ben Turkia', 'Alaa', to_date('01/01/2001', 'MM/DD/RRRR'), 'Sousse', 'alaa.benturkia@bdd.com', 1111111, NULL);

INSERT INTO ETUDIANT (ID_ETUDIANT, CIN, NOMAR, PRENOMAR, NOMFR, PRENOMFR, DATENAISS, ADRESSE, EMAIL, NUMTEL, PHOTO) 
VALUES (2, 1234568, NULL, NULL, 'Ourabi', 'Safwen', to_date('02/01/2001', 'MM/DD/RRRR'), 'Beja', 'safwen.ourabi@bdd.com', 1111112, NULL);

INSERT INTO ETUDIANT (ID_ETUDIANT, CIN, NOMAR, PRENOMAR, NOMFR, PRENOMFR, DATENAISS, ADRESSE, EMAIL, NUMTEL, PHOTO) 
VALUES (3, 1234578, NULL, NULL, 'Elmechi ', 'Malek', to_date('03/01/2001', 'MM/DD/RRRR'), 'Sfax', 'malek.elmechi@bdd.com', 1111113, NULL);

INSERT INTO ETUDIANT (ID_ETUDIANT, CIN, NOMAR, PRENOMAR, NOMFR, PRENOMFR, DATENAISS, ADRESSE, EMAIL, NUMTEL, PHOTO) 
VALUES (4, 1234587, NULL, NULL, 'Kammoun', 'Eya', to_date('04/01/2001', 'MM/DD/RRRR'), 'Sfax', 'eya.kammoun@bdd.com', 1111114, NULL);

INSERT INTO ETUDIANT (ID_ETUDIANT, CIN, NOMAR, PRENOMAR, NOMFR, PRENOMFR, DATENAISS, ADRESSE, EMAIL, NUMTEL, PHOTO) 
VALUES (5, 1234586, NULL, NULL, 'Azaiz', 'Nourhene', to_date('05/01/2001', 'MM/DD/RRRR'), 'Tunis', 'nourhene.azaiz@bdd.com', 1111115, NULL);

INSERT INTO ETUDIANT (ID_ETUDIANT, CIN, NOMAR, PRENOMAR, NOMFR, PRENOMFR, DATENAISS, ADRESSE, EMAIL, NUMTEL, PHOTO) 
VALUES (6, 1234576, NULL, NULL, 'Babai', 'Firas', to_date('06/01/2001', 'MM/DD/RRRR'), 'Tozeur', 'firas.babai@bdd.com', 1111116, NULL);

INSERT INTO ETUDIANT (ID_ETUDIANT, CIN, NOMAR, PRENOMAR, NOMFR, PRENOMFR, DATENAISS, ADRESSE, EMAIL, NUMTEL, PHOTO) 
VALUES (7, 1234567, NULL, NULL, 'Ben fraj', 'angela', to_date('07/01/2001', 'MM/DD/RRRR'), 'Monastir', 'angela.benfraj@bdd.com', 1111117, NULL);

INSERT INTO ETUDIANT (ID_ETUDIANT, CIN, NOMAR, PRENOMAR, NOMFR, PRENOMFR, DATENAISS, ADRESSE, EMAIL, NUMTEL, PHOTO) 
VALUES (8, 1234569, NULL, NULL, 'Ben Gharsallah', 'Siwar', to_date('08/01/2001', 'MM/DD/RRRR'), 'Monastir', 'siwar.bengharsallah@bdd.com', 1111118, NULL);

INSERT INTO ETUDIANT (ID_ETUDIANT, CIN, NOMAR, PRENOMAR, NOMFR, PRENOMFR, DATENAISS, ADRESSE, EMAIL, NUMTEL, PHOTO) 
VALUES (9, 1234579, NULL, NULL, 'Hameda', 'Nouha', to_date('09/01/2001', 'MM/DD/RRRR'), 'Tunis', 'nouha.benhameda@bdd.com', 1111119, NULL);

INSERT INTO ETUDIANT (ID_ETUDIANT, CIN, NOMAR, PRENOMAR, NOMFR, PRENOMFR, DATENAISS, ADRESSE, EMAIL, NUMTEL, PHOTO) 
VALUES (10, 1234596, NULL, NULL, 'Ben Maawia', 'Marwa', to_date('10/01/2001', 'MM/DD/RRRR'), 'Nabel', 'marwa.benmaawia@bdd.com', 1111110, NULL);

INSERT INTO ETUDIANT (ID_ETUDIANT, CIN, NOMAR, PRENOMAR, NOMFR, PRENOMFR, DATENAISS, ADRESSE, EMAIL, NUMTEL, PHOTO) 
VALUES (11, 1246549, NULL, NULL, 'Besbes', 'Elyes', to_date('11/01/2001', 'MM/DD/RRRR'), 'Tunis', NULL, 1111120, NULL);

INSERT INTO ETUDIANT (ID_ETUDIANT, CIN, NOMAR, PRENOMAR, NOMFR, PRENOMFR, DATENAISS, ADRESSE, EMAIL, NUMTEL, PHOTO) 
VALUES (12, 1448645, NULL, NULL, 'Bouchoucha', 'Tarek', to_date('12/01/2001', 'MM/DD/RRRR'), 'Bizerte', NULL, 1111121, NULL);

INSERT INTO ETUDIANT (ID_ETUDIANT, CIN, NOMAR, PRENOMAR, NOMFR, PRENOMFR, DATENAISS, ADRESSE, EMAIL, NUMTEL, PHOTO) 
VALUES (13, 1598635, NULL, NULL, 'Bouaziz', 'Omar', to_date('01/13/2001', 'MM/DD/RRRR'), 'Tunis', NULL, 1111122, NULL);

INSERT INTO ETUDIANT (ID_ETUDIANT, CIN, NOMAR, PRENOMAR, NOMFR, PRENOMFR, DATENAISS, ADRESSE, EMAIL, NUMTEL, PHOTO) 
VALUES (14, 1786532, NULL, NULL, 'Bougerra', 'Emna', to_date('01/14/2001', 'MM/DD/RRRR'), 'Tunis', NULL, 1111123, NULL);

INSERT INTO ETUDIANT (ID_ETUDIANT, CIN, NOMAR, PRENOMAR, NOMFR, PRENOMFR, DATENAISS, ADRESSE, EMAIL, NUMTEL, PHOTO) 
VALUES (15, 1354481, NULL, NULL, 'Bouteraa', 'Imed', to_date('01/15/2001', 'MM/DD/RRRR'), 'Gafsa', NULL, 1111124, NULL);

INSERT INTO ETUDIANT (ID_ETUDIANT, CIN, NOMAR, PRENOMAR, NOMFR, PRENOMFR, DATENAISS, ADRESSE, EMAIL, NUMTEL, PHOTO) 
VALUES (16, 1200684, NULL, NULL, 'Bouzezi', 'Firas', to_date('01/16/2001', 'MM/DD/RRRR'), 'Tunis', NULL, 1111125, NULL);

-- Import Data into table ETUDIANT from 






-- Import Data into table CLASSE 
SET DEFINE OFF

INSERT INTO CLASSE (ID_CLASSE, NIVEAU, GROUPE) 
VALUES (11, '1', 'A');

INSERT INTO CLASSE (ID_CLASSE, NIVEAU, GROUPE) 
VALUES (12, '1', 'B');

INSERT INTO CLASSE (ID_CLASSE, NIVEAU, GROUPE) 
VALUES (13, '1', 'C');

INSERT INTO CLASSE (ID_CLASSE, NIVEAU, GROUPE) 
VALUES (14, '1', 'D');

INSERT INTO CLASSE (ID_CLASSE, NIVEAU, GROUPE) 
VALUES (15, '1', 'E');

INSERT INTO CLASSE (ID_CLASSE, NIVEAU, GROUPE) 
VALUES (16, '1', 'F');

INSERT INTO CLASSE (ID_CLASSE, NIVEAU, GROUPE) 
VALUES (21, '2', 'A');

INSERT INTO CLASSE (ID_CLASSE, NIVEAU, GROUPE) 
VALUES (22, '2', 'B');

INSERT INTO CLASSE (ID_CLASSE, NIVEAU, GROUPE) 
VALUES (23, '2', 'C');

INSERT INTO CLASSE (ID_CLASSE, NIVEAU, GROUPE) 
VALUES (24, '2', 'D');

INSERT INTO CLASSE (ID_CLASSE, NIVEAU, GROUPE) 
VALUES (25, '2', 'E');

INSERT INTO CLASSE (ID_CLASSE, NIVEAU, GROUPE) 
VALUES (26, '2', 'F');

INSERT INTO CLASSE (ID_CLASSE, NIVEAU, GROUPE) 
VALUES (31, '3', 'SysTIC');

INSERT INTO CLASSE (ID_CLASSE, NIVEAU, GROUPE) 
VALUES (32, '3', 'MIT');

INSERT INTO CLASSE (ID_CLASSE, NIVEAU, GROUPE) 
VALUES (33, '3', 'NCA');

INSERT INTO CLASSE (ID_CLASSE, NIVEAU, GROUPE) 
VALUES (34, '3', 'SNI');

INSERT INTO CLASSE (ID_CLASSE, NIVEAU, GROUPE) 
VALUES (35, '3', 'CySed');

INSERT INTO CLASSE (ID_CLASSE, NIVEAU, GROUPE) 
VALUES (36, '3', 'AIM');

INSERT INTO CLASSE (ID_CLASSE, NIVEAU, GROUPE) 
VALUES (37, '3', 'SIA');

-- Import Data into table CLASSE 





-- Import Data into table EST_INSCRIT
SET DEFINE OFF

INSERT INTO EST_INSCRIT (ID_ETUDIANT, ID_CLASSE, "ANNÉE") 
VALUES (1, 12, 2022);

INSERT INTO EST_INSCRIT (ID_ETUDIANT, ID_CLASSE, "ANNÉE") 
VALUES (2, 15, 2022);

INSERT INTO EST_INSCRIT (ID_ETUDIANT, ID_CLASSE, "ANNÉE") 
VALUES (3, 16, 2022);

INSERT INTO EST_INSCRIT (ID_ETUDIANT, ID_CLASSE, "ANNÉE") 
VALUES (4, 16, 2022);

INSERT INTO EST_INSCRIT (ID_ETUDIANT, ID_CLASSE, "ANNÉE") 
VALUES (5, 16, 2022);

INSERT INTO EST_INSCRIT (ID_ETUDIANT, ID_CLASSE, "ANNÉE") 
VALUES (6, 15, 2022);

INSERT INTO EST_INSCRIT (ID_ETUDIANT, ID_CLASSE, "ANNÉE") 
VALUES (7, 11, 2022);

INSERT INTO EST_INSCRIT (ID_ETUDIANT, ID_CLASSE, "ANNÉE") 
VALUES (8, 14, 2022);

INSERT INTO EST_INSCRIT (ID_ETUDIANT, ID_CLASSE, "ANNÉE") 
VALUES (9, 16, 2022);

INSERT INTO EST_INSCRIT (ID_ETUDIANT, ID_CLASSE, "ANNÉE") 
VALUES (10, 13, 2022);

-- Import Data into table EST_INSCRIT






-- Import Data into table EQUIPE 
SET DEFINE OFF

INSERT INTO EQUIPE (ID_EQUIPE, NUMEQUIPE, "ANNÉE", NOTE) 
VALUES (1, '1', 2023, NULL);

INSERT INTO EQUIPE (ID_EQUIPE, NUMEQUIPE, "ANNÉE", NOTE) 
VALUES (2, '2', 2023, NULL);

INSERT INTO EQUIPE (ID_EQUIPE, NUMEQUIPE, "ANNÉE", NOTE) 
VALUES (3, '1', 2023, NULL);

INSERT INTO EQUIPE (ID_EQUIPE, NUMEQUIPE, "ANNÉE", NOTE) 
VALUES (4, '2', 2023, NULL);

INSERT INTO EQUIPE (ID_EQUIPE, NUMEQUIPE, "ANNÉE", NOTE) 
VALUES (5, '3', 2023, NULL);

INSERT INTO EQUIPE (ID_EQUIPE, NUMEQUIPE, "ANNÉE", NOTE) 
VALUES (6, '4', 2023, NULL);

INSERT INTO EQUIPE (ID_EQUIPE, NUMEQUIPE, "ANNÉE", NOTE) 
VALUES (7, '1', 2023, NULL);

INSERT INTO EQUIPE (ID_EQUIPE, NUMEQUIPE, "ANNÉE", NOTE) 
VALUES (8, '3', 2023, NULL);

INSERT INTO EQUIPE (ID_EQUIPE, NUMEQUIPE, "ANNÉE", NOTE) 
VALUES (9, '4', 2023, NULL);

INSERT INTO EQUIPE (ID_EQUIPE, NUMEQUIPE, "ANNÉE", NOTE) 
VALUES (10, '2', 2023, NULL);

-- Import Data into table EQUIPE 





-- Import Data into table "EST_FORMÉE_PAR"

SET DEFINE OFF

INSERT INTO "EST_FORMÉE_PAR" (ID_EQUIPE, ID_ETUDIANT, "ANNÉE") 
VALUES (1, 1, 2023);

INSERT INTO "EST_FORMÉE_PAR" (ID_EQUIPE, ID_ETUDIANT, "ANNÉE") 
VALUES (1, 5, 2023);

INSERT INTO "EST_FORMÉE_PAR" (ID_EQUIPE, ID_ETUDIANT, "ANNÉE") 
VALUES (1, 7, 2023);

INSERT INTO "EST_FORMÉE_PAR" (ID_EQUIPE, ID_ETUDIANT, "ANNÉE") 
VALUES (2, 4, 2023);

INSERT INTO "EST_FORMÉE_PAR" (ID_EQUIPE, ID_ETUDIANT, "ANNÉE") 
VALUES (2, 3, 2023);

INSERT INTO "EST_FORMÉE_PAR" (ID_EQUIPE, ID_ETUDIANT, "ANNÉE") 
VALUES (2, 6, 2023);

INSERT INTO "EST_FORMÉE_PAR" (ID_EQUIPE, ID_ETUDIANT, "ANNÉE") 
VALUES (3, 10, 2023);

INSERT INTO "EST_FORMÉE_PAR" (ID_EQUIPE, ID_ETUDIANT, "ANNÉE") 
VALUES (3, 9, 2023);

INSERT INTO "EST_FORMÉE_PAR" (ID_EQUIPE, ID_ETUDIANT, "ANNÉE") 
VALUES (3, 2, 2023);

INSERT INTO "EST_FORMÉE_PAR" (ID_EQUIPE, ID_ETUDIANT, "ANNÉE") 
VALUES (4, 8, 2023);

INSERT INTO "EST_FORMÉE_PAR" (ID_EQUIPE, ID_ETUDIANT, "ANNÉE") 
VALUES (5, 11, 2023);

INSERT INTO "EST_FORMÉE_PAR" (ID_EQUIPE, ID_ETUDIANT, "ANNÉE") 
VALUES (6, 13, 2023);

INSERT INTO "EST_FORMÉE_PAR" (ID_EQUIPE, ID_ETUDIANT, "ANNÉE") 
VALUES (7, 12, 2023);

INSERT INTO "EST_FORMÉE_PAR" (ID_EQUIPE, ID_ETUDIANT, "ANNÉE") 
VALUES (8, 16, 2023);

INSERT INTO "EST_FORMÉE_PAR" (ID_EQUIPE, ID_ETUDIANT, "ANNÉE") 
VALUES (9, 14, 2023);

INSERT INTO "EST_FORMÉE_PAR" (ID_EQUIPE, ID_ETUDIANT, "ANNÉE") 
VALUES (10, 15, 2023);

-- Import Data into table "EST_FORMÉE_PAR"





-- Import Data into table ASSOCIATION 

SET DEFINE OFF

INSERT INTO ASSOCIATION (ID_ASSOCIATION, NOM, ADRESSE, EMAIL, NUMTEL) 
VALUES (1, 'Kafil yatim', 'Tunis', NULL, NULL);

INSERT INTO ASSOCIATION (ID_ASSOCIATION, NOM, ADRESSE, EMAIL, NUMTEL) 
VALUES (2, 'Leo club', 'Tunis', NULL, NULL);

INSERT INTO ASSOCIATION (ID_ASSOCIATION, NOM, ADRESSE, EMAIL, NUMTEL) 
VALUES (3, 'Maram', 'Tunis', NULL, NULL);

INSERT INTO ASSOCIATION (ID_ASSOCIATION, NOM, ADRESSE, EMAIL, NUMTEL) 
VALUES (4, 'CRT', 'Tunis', NULL, NULL);

INSERT INTO ASSOCIATION (ID_ASSOCIATION, NOM, ADRESSE, EMAIL, NUMTEL) 
VALUES (5, 'Unicef-TN', 'Tunis', NULL, NULL);

-- Import Data into table ASSOCIATION 





-- Import Data into table CATEGORI

INSERT INTO CATEGORIE (ID_CAT, NOM, DATEC, DESCRIPTION, NBREETUDIANT) 
VALUES (1, 'pacte', to_date('01/01/0001', 'MM/DD/YYYY'), NULL, 156);

INSERT INTO CATEGORIE (ID_CAT, NOM, DATEC, DESCRIPTION, NBREETUDIANT) 
VALUES (2, 'p2m', to_date('01/01/0001', 'MM/DD/YYYY'), NULL, 156);

INSERT INTO CATEGORIE (ID_CAT, NOM, DATEC, DESCRIPTION, NBREETUDIANT) 
VALUES (3, 'pfe', to_date('01/01/0001', 'MM/DD/YYYY'), NULL, 156);

-- Import Data into table CATEGORI





-- Import Data into table DEPARTEMENT

SET DEFINE OFF

INSERT INTO DEPARTEMENT (ID_DEP, NOM, ABREVIATION, DESCRIPTION) 
VALUES (1, NULL, 'IR', NULL);

INSERT INTO DEPARTEMENT (ID_DEP, NOM, ABREVIATION, DESCRIPTION) 
VALUES (2, NULL, 'EPP', NULL);

INSERT INTO DEPARTEMENT (ID_DEP, NOM, ABREVIATION, DESCRIPTION) 
VALUES (3, NULL, 'EGDLH', NULL);

INSERT INTO DEPARTEMENT (ID_DEP, NOM, ABREVIATION, DESCRIPTION) 
VALUES (4, NULL, 'MASC', NULL);

-- Import Data into table DEPARTEMENT





-- Import Data into table ENSEIGNANT

SET DEFINE OFF

INSERT INTO ENSEIGNANT (ID_ENSEIGNANT, CIN, NOMAR, PRENOMAR, NOMFR, PRENOMFR, DATENAISS, ADRESSE, EMAIL, NUMTEL, ID_DEP) 
VALUES (1, 5412367, NULL, NULL, 'Loukil', 'Samia', NULL, 'Tunis', NULL, NULL, 3);

INSERT INTO ENSEIGNANT (ID_ENSEIGNANT, CIN, NOMAR, PRENOMAR, NOMFR, PRENOMFR, DATENAISS, ADRESSE, EMAIL, NUMTEL, ID_DEP) 
VALUES (2, 5412756, NULL, NULL, 'Boubaker', 'Nejib', NULL, 'Tunis', NULL, NULL, 4);

INSERT INTO ENSEIGNANT (ID_ENSEIGNANT, CIN, NOMAR, PRENOMAR, NOMFR, PRENOMFR, DATENAISS, ADRESSE, EMAIL, NUMTEL, ID_DEP) 
VALUES (3, 7456891, NULL, NULL, 'Abdelkefi ', 'Fatma', NULL, 'Tunis', NULL, NULL, 4);

INSERT INTO ENSEIGNANT (ID_ENSEIGNANT, CIN, NOMAR, PRENOMAR, NOMFR, PRENOMFR, DATENAISS, ADRESSE, EMAIL, NUMTEL, ID_DEP) 
VALUES (4, 1245023, NULL, NULL, 'Choubeni', 'Fethi', NULL, 'Tunis', NULL, NULL, 2);

INSERT INTO ENSEIGNANT (ID_ENSEIGNANT, CIN, NOMAR, PRENOMAR, NOMFR, PRENOMFR, DATENAISS, ADRESSE, EMAIL, NUMTEL, ID_DEP) 
VALUES (5, 8456201, NULL, NULL, 'Osmane', 'Lotfi', NULL, 'Tunis', NULL, NULL, 2);

INSERT INTO ENSEIGNANT (ID_ENSEIGNANT, CIN, NOMAR, PRENOMAR, NOMFR, PRENOMFR, DATENAISS, ADRESSE, EMAIL, NUMTEL, ID_DEP) 
VALUES (6, 1854652, NULL, NULL, 'Mbazaa', 'Rym', NULL, 'Tunis', NULL, NULL, 4);

-- Import Data into table ENSEIGNANT



-- Import Data into table PROJET
SET DEFINE OFF

INSERT INTO PROJET (ID_PROJET, NOM, "ANNÉE", DESCRIPTIONAR, DESCRIPTIONFR, DESCRIPTIONEN, ID_ENSEIGNANT, ID_CATEGORIE) 
VALUES (1, 'Sup''exel', 2023, NULL, NULL, NULL, 1, 1);

INSERT INTO PROJET (ID_PROJET, NOM, "ANNÉE", DESCRIPTIONAR, DESCRIPTIONFR, DESCRIPTIONEN, ID_ENSEIGNANT, ID_CATEGORIE) 
VALUES (2, 'Helma', 2023, NULL, NULL, NULL, 2, 1);

INSERT INTO PROJET (ID_PROJET, NOM, "ANNÉE", DESCRIPTIONAR, DESCRIPTIONFR, DESCRIPTIONEN, ID_ENSEIGNANT, ID_CATEGORIE) 
VALUES (3, 'wajahni', 2023, NULL, NULL, NULL, 3, 1);

INSERT INTO PROJET (ID_PROJET, NOM, "ANNÉE", DESCRIPTIONAR, DESCRIPTIONFR, DESCRIPTIONEN, ID_ENSEIGNANT, ID_CATEGORIE) 
VALUES (4, 'Empowering youth initiatives', 2023, NULL, NULL, NULL, 4, 1);

INSERT INTO PROJET (ID_PROJET, NOM, "ANNÉE", DESCRIPTIONAR, DESCRIPTIONFR, DESCRIPTIONEN, ID_ENSEIGNANT, ID_CATEGORIE) 
VALUES (5, 'Hata lwaktech', 2023, NULL, NULL, NULL, 5, 1);

INSERT INTO PROJET (ID_PROJET, NOM, "ANNÉE", DESCRIPTIONAR, DESCRIPTIONFR, DESCRIPTIONEN, ID_ENSEIGNANT, ID_CATEGORIE) 
VALUES (6, 'Decentralized medical data management application ', 2023, NULL, NULL, NULL, 6, 2);

INSERT INTO PROJET (ID_PROJET, NOM, "ANNÉE", DESCRIPTIONAR, DESCRIPTIONFR, DESCRIPTIONEN, ID_ENSEIGNANT, ID_CATEGORIE) 
VALUES (7, 'Decentralized medical data management application ', 2023, NULL, NULL, NULL, 1, 2);

INSERT INTO PROJET (ID_PROJET, NOM, "ANNÉE", DESCRIPTIONAR, DESCRIPTIONFR, DESCRIPTIONEN, ID_ENSEIGNANT, ID_CATEGORIE) 
VALUES (8, 'Decentralized medical data management application ', 2023, NULL, NULL, NULL, 2, 2);

INSERT INTO PROJET (ID_PROJET, NOM, "ANNÉE", DESCRIPTIONAR, DESCRIPTIONFR, DESCRIPTIONEN, ID_ENSEIGNANT, ID_CATEGORIE) 
VALUES (9, 'Decentralized medical data management application ', 2023, NULL, NULL, NULL, 3, 2);

INSERT INTO PROJET (ID_PROJET, NOM, "ANNÉE", DESCRIPTIONAR, DESCRIPTIONFR, DESCRIPTIONEN, ID_ENSEIGNANT, ID_CATEGORIE) 
VALUES (10, 'Decentralized medical data management application ', 2023, NULL, NULL, NULL, 4, 2);

-- Import Data into table PROJET




-- Import Data into table ENTREPRISE 
SET DEFINE OFF

INSERT INTO ENTREPRISE (ID_ENTREPRISE, NOM, ADRESSE, EMAIL, NUMTEL) 
VALUES (1, 'Cognira', 'Tunis', NULL, NULL);

INSERT INTO ENTREPRISE (ID_ENTREPRISE, NOM, ADRESSE, EMAIL, NUMTEL) 
VALUES (2, 'EY', 'Tunis', NULL, NULL);

INSERT INTO ENTREPRISE (ID_ENTREPRISE, NOM, ADRESSE, EMAIL, NUMTEL) 
VALUES (3, 'Sagemcom', 'Tunis', NULL, NULL);

INSERT INTO ENTREPRISE (ID_ENTREPRISE, NOM, ADRESSE, EMAIL, NUMTEL) 
VALUES (4, 'Telnet', 'Tunis', NULL, NULL);

INSERT INTO ENTREPRISE (ID_ENTREPRISE, NOM, ADRESSE, EMAIL, NUMTEL) 
VALUES (5, 'Infor', 'Tunis', NULL, NULL);

INSERT INTO ENTREPRISE (ID_ENTREPRISE, NOM, ADRESSE, EMAIL, NUMTEL) 
VALUES (6, 'ST', 'Tunis', NULL, NULL);

-- Import Data into table ENTREPRISE 









-- Import Data into table "EST_DERIGÉE_PAR"
SET DEFINE OFF

INSERT INTO "EST_DERIGÉE_PAR" (ID_DEP, ID_ENSEIGNANT,"ANNÉE") 
VALUES (1, 4 , 2022);

INSERT INTO "EST_DERIGÉE_PAR" (ID_DEP, ID_ENSEIGNANT,"ANNÉE") 
VALUES (2, 3,2022);

INSERT INTO "EST_DERIGÉE_PAR" (ID_DEP, ID_ENSEIGNANT,"ANNÉE") 
VALUES (3, 5,2022);

INSERT INTO "EST_DERIGÉE_PAR" (ID_DEP, ID_ENSEIGNANT,"ANNÉE") 
VALUES (4, 1,2022);

-- Import Data into table "EST_DERIGÉE_PAR"







-- Import Data into table EST_EN_PARTENARIAT_AVEC
SET DEFINE OFF

INSERT INTO EST_EN_PARTENARIAT_AVEC (ID_PROJET, ID_ASSOCIATION) 
VALUES (7, 2);

INSERT INTO EST_EN_PARTENARIAT_AVEC (ID_PROJET, ID_ASSOCIATION) 
VALUES (5, 5);

INSERT INTO EST_EN_PARTENARIAT_AVEC (ID_PROJET, ID_ASSOCIATION) 
VALUES (3, 4);

INSERT INTO EST_EN_PARTENARIAT_AVEC (ID_PROJET, ID_ASSOCIATION) 
VALUES (10, 3);

INSERT INTO EST_EN_PARTENARIAT_AVEC (ID_PROJET, ID_ASSOCIATION) 
VALUES (1, 1);

-- Import Data into table EST_EN_PARTENARIAT_AVEC




-- Import Data into table EST_EN_COLLABORATION_AVEC
SET DEFINE OFF

INSERT INTO EST_EN_COLLABORATION_AVEC (ID_PROJET, ID_ENTREPRISE, "PROPOSÉ") 
VALUES (6, 2, 0);

INSERT INTO EST_EN_COLLABORATION_AVEC (ID_PROJET, ID_ENTREPRISE, "PROPOSÉ") 
VALUES (7, 3, 1);

INSERT INTO EST_EN_COLLABORATION_AVEC (ID_PROJET, ID_ENTREPRISE, "PROPOSÉ") 
VALUES (8, 1, 1);

INSERT INTO EST_EN_COLLABORATION_AVEC (ID_PROJET, ID_ENTREPRISE, "PROPOSÉ") 
VALUES (9, 5, 1);

INSERT INTO EST_EN_COLLABORATION_AVEC (ID_PROJET, ID_ENTREPRISE, "PROPOSÉ") 
VALUES (10, 4, 0);

-- Import Data into table EST_EN_COLLABORATION_AVEC
















